"variable","percent","point","mean","sd"
"pelvic_tilt",0,1,11.14225,4.84637
"pelvic_tilt",2,2,11.08626,4.90065
"pelvic_tilt",4,3,11.05123,5.01621
"pelvic_tilt",6,4,10.99249,5.1973
"pelvic_tilt",8,5,10.79792,5.35645
"pelvic_tilt",10,6,10.50852,5.44286
"pelvic_tilt",12,7,10.25284,5.4869
"pelvic_tilt",14,8,10.09338,5.52772
"pelvic_tilt",16,9,10.01435,5.55434
"pelvic_tilt",18,10,10.01398,5.54901
"pelvic_tilt",20,11,10.09743,5.51156
"pelvic_tilt",22,12,10.20708,5.44554
"pelvic_tilt",24,13,10.24588,5.3615
"pelvic_tilt",26,14,10.19215,5.27987
"pelvic_tilt",28,15,10.11871,5.20946
"pelvic_tilt",30,16,10.0884,5.1556
"pelvic_tilt",32,17,10.10744,5.13348
"pelvic_tilt",34,18,10.16864,5.13258
"pelvic_tilt",36,19,10.27526,5.12976
"pelvic_tilt",38,20,10.41965,5.1162
"pelvic_tilt",40,21,10.58722,5.08343
"pelvic_tilt",42,22,10.74288,5.02819
"pelvic_tilt",44,23,10.85094,4.97264
"pelvic_tilt",46,24,10.90212,4.95651
"pelvic_tilt",48,25,10.90374,4.98893
"pelvic_tilt",50,26,10.8555,5.02872
"pelvic_tilt",52,27,10.75998,5.03232
"pelvic_tilt",54,28,10.66143,5.0264
"pelvic_tilt",56,29,10.56219,5.08073
"pelvic_tilt",58,30,10.378,5.16421
"pelvic_tilt",60,31,10.10167,5.20412
"pelvic_tilt",62,32,9.82891,5.19677
"pelvic_tilt",64,33,9.63448,5.17989
"pelvic_tilt",66,34,9.52155,5.17557
"pelvic_tilt",68,35,9.47912,5.16567
"pelvic_tilt",70,36,9.52939,5.12975
"pelvic_tilt",72,37,9.64292,5.06399
"pelvic_tilt",74,38,9.72452,4.98683
"pelvic_tilt",76,39,9.73638,4.91864
"pelvic_tilt",78,40,9.73279,4.8633
"pelvic_tilt",80,41,9.77496,4.81936
"pelvic_tilt",82,42,9.88422,4.79181
"pelvic_tilt",84,43,10.05793,4.7776
"pelvic_tilt",86,44,10.28503,4.76664
"pelvic_tilt",88,45,10.54288,4.75038
"pelvic_tilt",90,46,10.80285,4.71966
"pelvic_tilt",92,47,11.03943,4.66853
"pelvic_tilt",94,48,11.21945,4.61989
"pelvic_tilt",96,49,11.33343,4.60746
"pelvic_tilt",98,50,11.39327,4.64365
"pelvic_tilt",100,51,11.38601,4.71062
"pelvic_obliquity",0,1,1.00222,1.81594
"pelvic_obliquity",2,2,1.39426,1.8932
"pelvic_obliquity",4,3,1.97212,1.89523
"pelvic_obliquity",6,4,2.73429,1.85194
"pelvic_obliquity",8,5,3.57187,1.82036
"pelvic_obliquity",10,6,4.32404,1.84945
"pelvic_obliquity",12,7,4.87263,1.92774
"pelvic_obliquity",14,8,5.17391,1.9748
"pelvic_obliquity",16,9,5.20412,1.92162
"pelvic_obliquity",18,10,4.94799,1.81425
"pelvic_obliquity",20,11,4.44695,1.7326
"pelvic_obliquity",22,12,3.78671,1.69423
"pelvic_obliquity",24,13,3.03729,1.67823
"pelvic_obliquity",26,14,2.25819,1.65529
"pelvic_obliquity",28,15,1.49044,1.62418
"pelvic_obliquity",30,16,0.76324,1.60109
"pelvic_obliquity",32,17,0.12494,1.60351
"pelvic_obliquity",34,18,-0.38475,1.63381
"pelvic_obliquity",36,19,-0.75676,1.67919
"pelvic_obliquity",38,20,-0.99833,1.72626
"pelvic_obliquity",40,21,-1.12778,1.77571
"pelvic_obliquity",42,22,-1.17212,1.8318
"pelvic_obliquity",44,23,-1.18083,1.89261
"pelvic_obliquity",46,24,-1.21015,1.94777
"pelvic_obliquity",48,25,-1.31467,1.99974
"pelvic_obliquity",50,26,-1.54176,2.05817
"pelvic_obliquity",52,27,-1.92387,2.09798
"pelvic_obliquity",54,28,-2.48159,2.09375
"pelvic_obliquity",56,29,-3.20719,2.08077
"pelvic_obliquity",58,30,-3.99571,2.13819
"pelvic_obliquity",60,31,-4.72388,2.27598
"pelvic_obliquity",62,32,-5.31479,2.42366
"pelvic_obliquity",64,33,-5.70431,2.52639
"pelvic_obliquity",66,34,-5.81898,2.56154
"pelvic_obliquity",68,35,-5.60805,2.54218
"pelvic_obliquity",70,36,-5.1061,2.49483
"pelvic_obliquity",72,37,-4.42099,2.44016
"pelvic_obliquity",74,38,-3.66327,2.38243
"pelvic_obliquity",76,39,-2.90384,2.30051
"pelvic_obliquity",78,40,-2.16818,2.1858
"pelvic_obliquity",80,41,-1.4706,2.05209
"pelvic_obliquity",82,42,-0.8453,1.92342
"pelvic_obliquity",84,43,-0.33452,1.82173
"pelvic_obliquity",86,44,0.03324,1.75087
"pelvic_obliquity",88,45,0.26038,1.70176
"pelvic_obliquity",90,46,0.38217,1.66394
"pelvic_obliquity",92,47,0.44222,1.6359
"pelvic_obliquity",94,48,0.47951,1.62662
"pelvic_obliquity",96,49,0.53776,1.66807
"pelvic_obliquity",98,50,0.65841,1.78758
"pelvic_obliquity",100,51,0.88708,1.9489
"pelvic_rotation",0,1,6.31652,2.93497
"pelvic_rotation",2,2,6.6211,2.82363
"pelvic_rotation",4,3,6.58631,2.66525
"pelvic_rotation",6,4,6.15769,2.49585
"pelvic_rotation",8,5,5.45353,2.32919
"pelvic_rotation",10,6,4.70996,2.18669
"pelvic_rotation",12,7,4.16641,2.07685
"pelvic_rotation",14,8,3.93272,1.97249
"pelvic_rotation",16,9,3.9433,1.85804
"pelvic_rotation",18,10,4.02952,1.75669
"pelvic_rotation",20,11,4.0152,1.71331
"pelvic_rotation",22,12,3.79604,1.73675
"pelvic_rotation",24,13,3.35358,1.79369
"pelvic_rotation",26,14,2.73246,1.85679
"pelvic_rotation",28,15,2.00389,1.9201
"pelvic_rotation",30,16,1.22942,1.98744
"pelvic_rotation",32,17,0.45042,2.0605
"pelvic_rotation",34,18,-0.32064,2.13689
"pelvic_rotation",36,19,-1.08908,2.22929
"pelvic_rotation",38,20,-1.85653,2.35061
"pelvic_rotation",40,21,-2.62547,2.50744
"pelvic_rotation",42,22,-3.41114,2.69882
"pelvic_rotation",44,23,-4.21929,2.89427
"pelvic_rotation",46,24,-5.00703,3.04277
"pelvic_rotation",48,25,-5.69506,3.10095
"pelvic_rotation",50,26,-6.20289,3.04269
"pelvic_rotation",52,27,-6.48602,2.87054
"pelvic_rotation",54,28,-6.51188,2.66838
"pelvic_rotation",56,29,-6.25174,2.53481
"pelvic_rotation",58,30,-5.75884,2.45884
"pelvic_rotation",60,31,-5.16321,2.40851
"pelvic_rotation",62,32,-4.64903,2.40138
"pelvic_rotation",64,33,-4.3727,2.44463
"pelvic_rotation",66,34,-4.35856,2.4761
"pelvic_rotation",68,35,-4.47747,2.42756
"pelvic_rotation",70,36,-4.54267,2.30944
"pelvic_rotation",72,37,-4.41351,2.19532
"pelvic_rotation",74,38,-4.03942,2.13413
"pelvic_rotation",76,39,-3.44233,2.12269
"pelvic_rotation",78,40,-2.68541,2.14863
"pelvic_rotation",80,41,-1.84198,2.2043
"pelvic_rotation",82,42,-0.96386,2.2849
"pelvic_rotation",84,43,-0.08039,2.38232
"pelvic_rotation",86,44,0.78579,2.4896
"pelvic_rotation",88,45,1.61716,2.60871
"pelvic_rotation",90,46,2.41179,2.72514
"pelvic_rotation",92,47,3.18995,2.82032
"pelvic_rotation",94,48,3.96275,2.88081
"pelvic_rotation",96,49,4.71215,2.89423
"pelvic_rotation",98,50,5.37267,2.85074
"pelvic_rotation",100,51,5.86883,2.74997
"hip_flexion",0,1,30.48956,6.25134
"hip_flexion",2,2,30.4039,6.43907
"hip_flexion",4,3,30.05467,6.63137
"hip_flexion",6,4,29.70679,6.87204
"hip_flexion",8,5,29.47815,7.08983
"hip_flexion",10,6,28.78142,7.19339
"hip_flexion",12,7,27.25736,7.1752
"hip_flexion",14,8,25.17793,7.09407
"hip_flexion",16,9,22.93128,7.0506
"hip_flexion",18,10,20.73006,7.08358
"hip_flexion",20,11,18.62414,7.10662
"hip_flexion",22,12,16.5378,7.04149
"hip_flexion",24,13,14.34548,6.9127
"hip_flexion",26,14,12.05006,6.77777
"hip_flexion",28,15,9.78637,6.67384
"hip_flexion",30,16,7.66157,6.61629
"hip_flexion",32,17,5.68891,6.6168
"hip_flexion",34,18,3.85498,6.66962
"hip_flexion",36,19,2.15212,6.75101
"hip_flexion",38,20,0.55329,6.83105
"hip_flexion",40,21,-0.96173,6.86223
"hip_flexion",42,22,-2.40409,6.81708
"hip_flexion",44,23,-3.75822,6.73393
"hip_flexion",46,24,-4.97453,6.69177
"hip_flexion",48,25,-6.00857,6.72095
"hip_flexion",50,26,-6.8554,6.77525
"hip_flexion",52,27,-7.4887,6.80145
"hip_flexion",54,28,-7.74633,6.83741
"hip_flexion",56,29,-7.38979,6.97033
"hip_flexion",58,30,-6.23271,7.14829
"hip_flexion",60,31,-4.18135,7.25226
"hip_flexion",62,32,-1.3151,7.24441
"hip_flexion",64,33,2.14479,7.17393
"hip_flexion",66,34,5.95862,7.0832
"hip_flexion",68,35,9.93112,6.95203
"hip_flexion",70,36,13.89669,6.77347
"hip_flexion",72,37,17.63151,6.57085
"hip_flexion",74,38,20.90659,6.38896
"hip_flexion",76,39,23.65288,6.2422
"hip_flexion",78,40,25.95098,6.11591
"hip_flexion",80,41,27.88562,6.01722
"hip_flexion",82,42,29.46998,5.96052
"hip_flexion",84,43,30.67656,5.92817
"hip_flexion",86,44,31.48337,5.89033
"hip_flexion",88,45,31.87654,5.83087
"hip_flexion",90,46,31.8705,5.75217
"hip_flexion",92,47,31.545,5.66298
"hip_flexion",94,48,31.0145,5.60521
"hip_flexion",96,49,30.46767,5.6435
"hip_flexion",98,50,30.16035,5.80209
"hip_flexion",100,51,30.15792,5.99805
"hip_adduction",0,1,-1.19581,3.32936
"hip_adduction",2,2,-0.65795,3.19196
"hip_adduction",4,3,0.2111,3.01394
"hip_adduction",6,4,1.30672,2.91077
"hip_adduction",8,5,2.5813,2.87207
"hip_adduction",10,6,3.96087,2.89856
"hip_adduction",12,7,5.17024,3.00148
"hip_adduction",14,8,5.98329,3.09671
"hip_adduction",16,9,6.34615,3.08684
"hip_adduction",18,10,6.33557,2.99609
"hip_adduction",20,11,6.09661,2.88738
"hip_adduction",22,12,5.7672,2.77076
"hip_adduction",24,13,5.41048,2.65006
"hip_adduction",26,14,5.03235,2.54537
"hip_adduction",28,15,4.61511,2.4763
"hip_adduction",30,16,4.15905,2.43187
"hip_adduction",32,17,3.71236,2.39723
"hip_adduction",34,18,3.3311,2.37076
"hip_adduction",36,19,3.0393,2.35523
"hip_adduction",38,20,2.83186,2.35222
"hip_adduction",40,21,2.68794,2.37202
"hip_adduction",42,22,2.56958,2.42714
"hip_adduction",44,23,2.41463,2.50871
"hip_adduction",46,24,2.15962,2.59269
"hip_adduction",48,25,1.74282,2.68051
"hip_adduction",50,26,1.13047,2.78821
"hip_adduction",52,27,0.31759,2.90401
"hip_adduction",54,28,-0.667,2.9975
"hip_adduction",56,29,-1.77954,3.07603
"hip_adduction",58,30,-2.98377,3.16372
"hip_adduction",60,31,-4.24131,3.23376
"hip_adduction",62,32,-5.39631,3.23589
"hip_adduction",64,33,-6.2114,3.18157
"hip_adduction",66,34,-6.49724,3.1053
"hip_adduction",68,35,-6.20773,3.02231
"hip_adduction",70,36,-5.47961,2.92174
"hip_adduction",72,37,-4.5275,2.81108
"hip_adduction",74,38,-3.553,2.73104
"hip_adduction",76,39,-2.69117,2.70095
"hip_adduction",78,40,-1.97557,2.71349
"hip_adduction",80,41,-1.39046,2.75148
"hip_adduction",82,42,-0.93823,2.80994
"hip_adduction",84,43,-0.63311,2.89247
"hip_adduction",86,44,-0.47907,2.99263
"hip_adduction",88,45,-0.45263,3.0863
"hip_adduction",90,46,-0.5166,3.14718
"hip_adduction",92,47,-0.64347,3.17304
"hip_adduction",94,48,-0.80359,3.18342
"hip_adduction",96,49,-0.95022,3.21215
"hip_adduction",98,50,-0.98053,3.27006
"hip_adduction",100,51,-0.75434,3.28453
"hip_rotation",0,1,-1.45019,5.37328
"hip_rotation",2,2,-1.26783,5.17308
"hip_rotation",4,3,-0.73407,4.87419
"hip_rotation",6,4,0.08272,4.61264
"hip_rotation",8,5,0.53751,4.56964
"hip_rotation",10,6,0.50742,4.61576
"hip_rotation",12,7,0.38354,4.56955
"hip_rotation",14,8,0.29586,4.43281
"hip_rotation",16,9,0.06304,4.40153
"hip_rotation",18,10,-0.39933,4.49216
"hip_rotation",20,11,-0.97782,4.53314
"hip_rotation",22,12,-1.51293,4.49854
"hip_rotation",24,13,-1.92744,4.47424
"hip_rotation",26,14,-2.21575,4.49369
"hip_rotation",28,15,-2.40792,4.54797
"hip_rotation",30,16,-2.58972,4.57532
"hip_rotation",32,17,-2.83364,4.55874
"hip_rotation",34,18,-3.11984,4.53083
"hip_rotation",36,19,-3.37119,4.51496
"hip_rotation",38,20,-3.55979,4.50861
"hip_rotation",40,21,-3.71664,4.5322
"hip_rotation",42,22,-3.89187,4.58329
"hip_rotation",44,23,-4.09928,4.62282
"hip_rotation",46,24,-4.34827,4.61582
"hip_rotation",48,25,-4.64497,4.55088
"hip_rotation",50,26,-5.02987,4.48582
"hip_rotation",52,27,-5.49594,4.4789
"hip_rotation",54,28,-5.87442,4.5016
"hip_rotation",56,29,-5.99257,4.51163
"hip_rotation",58,30,-5.9169,4.53452
"hip_rotation",60,31,-5.73974,4.58795
"hip_rotation",62,32,-5.43982,4.61012
"hip_rotation",64,33,-5.01953,4.53305
"hip_rotation",66,34,-4.56055,4.35138
"hip_rotation",68,35,-4.16227,4.15559
"hip_rotation",70,36,-3.81219,4.09714
"hip_rotation",72,37,-3.41292,4.22689
"hip_rotation",74,38,-2.9183,4.42716
"hip_rotation",76,39,-2.32869,4.57318
"hip_rotation",78,40,-1.69026,4.63963
"hip_rotation",80,41,-1.08543,4.68521
"hip_rotation",82,42,-0.57763,4.74762
"hip_rotation",84,43,-0.22808,4.84355
"hip_rotation",86,44,-0.10645,4.95249
"hip_rotation",88,45,-0.24693,5.06093
"hip_rotation",90,46,-0.615,5.16448
"hip_rotation",92,47,-1.11436,5.26886
"hip_rotation",94,48,-1.57753,5.38777
"hip_rotation",96,49,-1.78647,5.48172
"hip_rotation",98,50,-1.66924,5.45106
"hip_rotation",100,51,-1.4583,5.31797
"knee_flexion",0,1,0.07635,3.8831
"knee_flexion",2,2,2.73486,3.8502
"knee_flexion",4,3,5.05708,3.98145
"knee_flexion",6,4,7.56275,4.39658
"knee_flexion",8,5,10.84926,4.88812
"knee_flexion",10,6,13.51397,5.16886
"knee_flexion",12,7,14.66791,5.16534
"knee_flexion",14,8,14.6069,5.05578
"knee_flexion",16,9,13.94805,4.97415
"knee_flexion",18,10,13.04614,4.93665
"knee_flexion",20,11,12.03553,4.88665
"knee_flexion",22,12,10.93999,4.79734
"knee_flexion",24,13,9.7404,4.69818
"knee_flexion",26,14,8.48249,4.60489
"knee_flexion",28,15,7.27706,4.49475
"knee_flexion",30,16,6.20793,4.35016
"knee_flexion",32,17,5.29484,4.20865
"knee_flexion",34,18,4.55615,4.1419
"knee_flexion",36,19,4.01244,4.18633
"knee_flexion",38,20,3.66409,4.30434
"knee_flexion",40,21,3.52469,4.42063
"knee_flexion",42,22,3.64774,4.49486
"knee_flexion",44,23,4.11707,4.53951
"knee_flexion",46,24,5.01702,4.58714
"knee_flexion",48,25,6.40197,4.65828
"knee_flexion",50,26,8.29325,4.77781
"knee_flexion",52,27,10.73861,5.00257
"knee_flexion",54,28,13.88728,5.39894
"knee_flexion",56,29,18.02555,5.94227
"knee_flexion",58,30,23.42987,6.47096
"knee_flexion",60,31,30.01713,6.75073
"knee_flexion",62,32,37.26745,6.64335
"knee_flexion",64,33,44.4928,6.15412
"knee_flexion",66,34,51.02015,5.38653
"knee_flexion",68,35,56.26617,4.54678
"knee_flexion",70,36,59.91086,3.91122
"knee_flexion",72,37,61.87292,3.67609
"knee_flexion",74,38,62.16476,3.89553
"knee_flexion",76,39,60.8545,4.45799
"knee_flexion",78,40,58.06995,5.20595
"knee_flexion",80,41,53.95638,6.01396
"knee_flexion",82,42,48.6556,6.76175
"knee_flexion",84,43,42.32897,7.31885
"knee_flexion",86,44,35.16432,7.55024
"knee_flexion",88,45,27.39025,7.34798
"knee_flexion",90,46,19.3656,6.65936
"knee_flexion",92,47,11.67089,5.5486
"knee_flexion",94,48,5.05013,4.35598
"knee_flexion",96,49,0.3835,3.72338
"knee_flexion",98,50,-1.40772,3.91608
"knee_flexion",100,51,-0.16311,4.06277
"ankle_dorsiflexion",0,1,0.92351,2.71119
"ankle_dorsiflexion",2,2,-0.14008,2.65526
"ankle_dorsiflexion",4,3,-3.1411,2.68278
"ankle_dorsiflexion",6,4,-4.8641,2.8626
"ankle_dorsiflexion",8,5,-3.96242,3.05199
"ankle_dorsiflexion",10,6,-1.92943,3.20926
"ankle_dorsiflexion",12,7,0.07008,3.28902
"ankle_dorsiflexion",14,8,1.73509,3.29798
"ankle_dorsiflexion",16,9,3.12971,3.25979
"ankle_dorsiflexion",18,10,4.30692,3.19564
"ankle_dorsiflexion",20,11,5.29286,3.1135
"ankle_dorsiflexion",22,12,6.11632,3.02176
"ankle_dorsiflexion",24,13,6.81353,2.94416
"ankle_dorsiflexion",26,14,7.44388,2.89204
"ankle_dorsiflexion",28,15,8.07216,2.856
"ankle_dorsiflexion",30,16,8.71913,2.83508
"ankle_dorsiflexion",32,17,9.36152,2.86172
"ankle_dorsiflexion",34,18,10.01783,2.95028
"ankle_dorsiflexion",36,19,10.72842,3.0591
"ankle_dorsiflexion",38,20,11.47553,3.15124
"ankle_dorsiflexion",40,21,12.17872,3.22467
"ankle_dorsiflexion",42,22,12.75809,3.28967
"ankle_dorsiflexion",44,23,13.13444,3.35332
"ankle_dorsiflexion",46,24,13.21583,3.41964
"ankle_dorsiflexion",48,25,12.90751,3.51245
"ankle_dorsiflexion",50,26,12.10641,3.68411
"ankle_dorsiflexion",52,27,10.64151,3.98985
"ankle_dorsiflexion",54,28,8.19913,4.44365
"ankle_dorsiflexion",56,29,4.44351,4.9556
"ankle_dorsiflexion",58,30,-0.63577,5.29605
"ankle_dorsiflexion",60,31,-6.23422,5.19206
"ankle_dorsiflexion",62,32,-10.78167,5.09954
"ankle_dorsiflexion",64,33,-12.95149,5.54383
"ankle_dorsiflexion",66,34,-12.49021,6.4628
"ankle_dorsiflexion",68,35,-10.21369,7.35295
"ankle_dorsiflexion",70,36,-7.23516,7.50009
"ankle_dorsiflexion",72,37,-4.14802,6.96654
"ankle_dorsiflexion",74,38,-1.181,6.21133
"ankle_dorsiflexion",76,39,1.39606,5.48391
"ankle_dorsiflexion",78,40,3.43189,4.79449
"ankle_dorsiflexion",80,41,4.95834,4.16662
"ankle_dorsiflexion",82,42,5.97104,3.62814
"ankle_dorsiflexion",84,43,6.42327,3.12309
"ankle_dorsiflexion",86,44,6.28978,2.60189
"ankle_dorsiflexion",88,45,5.57808,2.12819
"ankle_dorsiflexion",90,46,4.41434,1.91439
"ankle_dorsiflexion",92,47,3.07839,2.0964
"ankle_dorsiflexion",94,48,1.87171,2.40358
"ankle_dorsiflexion",96,49,1.04658,2.60616
"ankle_dorsiflexion",98,50,0.84491,2.653
"ankle_dorsiflexion",100,51,1.10272,2.69167
"foot_progression",0,1,10.21962,5.47798
"foot_progression",2,2,10.15724,5.27507
"foot_progression",4,3,10.03789,5.13287
"foot_progression",6,4,9.3184,5.0683
"foot_progression",8,5,8.42941,4.97849
"foot_progression",10,6,7.93452,4.93866
"foot_progression",12,7,7.70208,4.93567
"foot_progression",14,8,7.61621,4.93293
"foot_progression",16,9,7.62509,4.93392
"foot_progression",18,10,7.67604,4.94582
"foot_progression",20,11,7.73834,4.96648
"foot_progression",22,12,7.8102,4.98798
"foot_progression",24,13,7.91065,5.01482
"foot_progression",26,14,8.05935,5.04596
"foot_progression",28,15,8.26466,5.07332
"foot_progression",30,16,8.51131,5.09693
"foot_progression",32,17,8.75604,5.12919
"foot_progression",34,18,9.01564,5.17664
"foot_progression",36,19,9.34836,5.22345
"foot_progression",38,20,9.77066,5.26744
"foot_progression",40,21,10.24545,5.31935
"foot_progression",42,22,10.69526,5.39378
"foot_progression",44,23,11.00287,5.50785
"foot_progression",46,24,11.05905,5.66326
"foot_progression",48,25,10.81687,5.83665
"foot_progression",50,26,10.30806,5.98854
"foot_progression",52,27,9.62566,6.0837
"foot_progression",54,28,8.86494,6.12916
"foot_progression",56,29,8.15217,6.17286
"foot_progression",58,30,7.65038,6.21002
"foot_progression",60,31,7.30143,6.31073
"foot_progression",62,32,7.06175,6.78517
"foot_progression",64,33,7.46094,7.77695
"foot_progression",66,34,8.96224,8.92492
"foot_progression",68,35,10.97601,9.72621
"foot_progression",70,36,12.59073,10.05328
"foot_progression",72,37,13.53601,10.00509
"foot_progression",74,38,14.06866,9.70152
"foot_progression",76,39,14.51088,9.33262
"foot_progression",78,40,15.04595,9.09229
"foot_progression",80,41,15.67666,9.02568
"foot_progression",82,42,16.28327,9.0074
"foot_progression",84,43,16.70271,8.86708
"foot_progression",86,44,16.78247,8.53086
"foot_progression",88,45,16.39777,8.07347
"foot_progression",90,46,15.50939,7.62341
"foot_progression",92,47,14.20699,7.23245
"foot_progression",94,48,12.76058,6.84909
"foot_progression",96,49,11.64102,6.39263
"foot_progression",98,50,11.15367,5.79239
"foot_progression",100,51,10.94559,5.33677
